cik,ticker,name,sic,sector,total_assets,current_assets,current_liabilities,retained_earnings,total_equity,operating_income,z,zone,sampled
12040,BDL,FLANIGANS ENTERPRISES INC,5812,retail,146876000.0,36987000.0,25380000.0,60729000.0,75629000.0,5841000.0,3.2481478773752976,safe,True
16058,CACI,CACI INTERNATIONAL INC /DE/,7373,software_it,8548499000.0,1633395000.0,1071477000.0,4590655000.0,3728373000.0,649708000.0,3.504784012949994,safe,True
18255,CATO,CATO CORP,5621,retail,452361000.0,223186000.0,188239000.0,31935000.0,162296000.0,-26368000.0,0.9327192754362561,distress,True
18498,GCO,GENESCO INC,5661,retail,1335536000.0,608756000.0,379782000.0,265887000.0,546970000.0,13925000.0,2.572089326718074,grey,True
27419,TGT,TARGET CORP,5331,retail,57769000000.0,19454000000.0,20799000000.0,8090000000.0,14666000000.0,5566000000.0,1.3085340718531024,grey,False
29534,DG,DOLLAR GENERAL CORP,5331,retail,31132733000.0,8163925000.0,6868702000.0,3405683000.0,7413707000.0,1714074000.0,1.3277111816818923,grey,True
30697,WEN,Wendy's Co,5810,retail,5034843000.0,736140000.0,397631000.0,399700000.0,259352000.0,371359000.0,1.25252813585885,grey,True
39911,GAP,GAP INC,5651,retail,11885000000.0,5203000000.0,3256000000.0,3039000000.0,3264000000.0,1112000000.0,2.934528688275594,safe,False
50471,TRAK,"ReposiTrak, Inc.",7374,software_it,54736809.0,32394539.0,6252935.0,-15680224.0,47934754.0,5024231.0,10.21536921404434,safe,False
50493,IMKTA,INGLES MARKETS INC,5411,retail,2493272016.0,890024725.0,274534295.0,1551582749.0,1561607836.0,147144231.0,5.804675893075052,safe,False
56873,KR,KROGER CO,5411,retail,52616000000.0,15273000000.0,15940000000.0,28724000000.0,8281000000.0,3849000000.0,2.3842392572110223,grey,False
60667,LOW,LOWES COMPANIES INC,5211,retail,43102000000.0,20358000000.0,18757000000.0,-14799000000.0,-14231000000.0,10466000000.0,0.4954707055273903,distress,False
63908,MCD,MCDONALDS CORP,5812,retail,55182000000.0,4599000000.0,3861000000.0,66834000000.0,-3797000000.0,11712000000.0,5.394776898354507,safe,True
64803,CVS,CVS HEALTH Corp,5912,retail,253215000000.0,68645000000.0,84609000000.0,62837000000.0,75730000000.0,8516000000.0,1.0694359098880528,distress,True
78749,AGYS,AGILYSYS INC,7373,software_it,443861000.0,131210000.0,114950000.0,157055000.0,256791000.0,22591000.0,3.1771857447256813,safe,False
103595,VLGEA,VILLAGE SUPER MARKET INC,5411,retail,1002122000.0,210266000.0,185445000.0,403663000.0,471968000.0,62053000.0,2.8265083426840287,safe,False
104169,WMT,Walmart Inc.,5331,retail,260823000000.0,79458000000.0,96584000000.0,98313000000.0,97421000000.0,29348000000.0,2.1802195577011148,grey,False
105418,WMK,WEIS MARKETS INC,5411,retail,2090582000.0,828002000.0,343304000.0,1577402000.0,1433635000.0,126386000.0,6.678324974587806,safe,True
275880,PSN,PARSONS CORP,7373,software_it,5487962000.0,2462400000.0,1915644000.0,426781000.0,2534489000.0,428066000.0,2.3322924260897517,grey,True
320121,TLS,TELOS CORP,7373,software_it,158235000.0,91418000.0,22135000.0,-327347000.0,127137000.0,-55873000.0,-1.951961548891143,distress,False
350698,AN,"AUTONATION, INC.",5500,retail,13001700000.0,4698000000.0,6312200000.0,5331800000.0,2457300000.0,1305500000.0,1.4418830408652106,grey,False
354950,HD,"HOME DEPOT, INC.",5211,retail,96119000000.0,31683000000.0,28661000000.0,89533000000.0,6640000000.0,21526000000.0,4.8257471851085185,safe,False
356037,CSPI,CSP INC /MA/,7373,software_it,67523000.0,52190000.0,16558000.0,30023000.0,47456000.0,-1872000.0,7.208045790865517,safe,True
701719,ELA,Envela Corp,5944,retail,77870489.0,51603807.0,12518134.0,16778715.0,52652138.0,8158881.0,6.891433725447847,safe,True
701985,BBWI,"Bath & Body Works, Inc.",5990,retail,4872000000.0,1823000000.0,1231000000.0,-1578000000.0,-1383000000.0,1266000000.0,1.255271940083401,grey,False
703351,EAT,"BRINKER INTERNATIONAL, INC",5812,retail,2560300000.0,210700000.0,644300000.0,-39600000.0,131500000.0,512000000.0,0.23929955534754688,distress,False
712515,EA,ELECTRONIC ARTS INC.,7372,software_it,13451000000.0,4272000000.0,3104000000.0,7472000000.0,7412000000.0,1520000000.0,4.42865341527931,safe,True
719955,WSM,WILLIAMS SONOMA INC,5700,retail,5301607000.0,2754609000.0,1911974000.0,1591630000.0,2142419000.0,1430184000.0,4.546227680857504,safe,False
733269,RAMP,"LiveRamp Holdings, Inc.",7374,software_it,1253213000.0,643807000.0,231624000.0,1319625000.0,957707000.0,5404000.0,9.022277073003309,safe,False
745732,ROST,"ROSS STORES, INC.",5651,retail,14905332000.0,7538696000.0,4661825000.0,4128207000.0,5509195000.0,2585586000.0,3.950379099786095,safe,True
746838,UIS,UNISYS CORP,7373,software_it,1872300000.0,979300000.0,628000000.0,-2139100000.0,-269300000.0,97400000.0,-2.2761406397819,distress,False
750004,LAWIL,"Light & Wonder, Inc.",7373,software_it,5421000000.0,1183000000.0,735000000.0,1016000000.0,636000000.0,668000000.0,2.120745411869202,grey,True
764478,BBY,BEST BUY CO INC,5731,retail,14782000000.0,8224000000.0,8016000000.0,2486000000.0,2808000000.0,1262000000.0,1.460513035086597,grey,False
769397,ADSK,"Autodesk, Inc.",7372,software_it,10833000000.0,3482000000.0,5151000000.0,-1333000000.0,2621000000.0,1354000000.0,-0.23676970902937744,distress,True
779152,JKHY,JACK HENRY & ASSOCIATES INC,7373,software_it,2911770000.0,579801000.0,497373000.0,3218533000.0,1975565000.0,489391000.0,7.134300574505801,safe,True
779544,ARKR,ARK RESTAURANTS CORP,5812,retail,154640000.0,21182000.0,25446000.0,33331000.0,48541000.0,-4294000.0,0.8155575061126888,distress,False
789019,MSFT,MICROSOFT CORP,7372,software_it,533898000000.0,147080000000.0,108882000000.0,203482000000.0,302695000000.0,109433000000.0,4.463882543019134,safe,True
794367,M,"Macy's, Inc.",5311,retail,16402000000.0,6479000000.0,4524000000.0,6499000000.0,4552000000.0,909000000.0,2.849386156983017,safe,True
796343,ADBE,ADOBE INC.,7372,software_it,30230000000.0,11232000000.0,10521000000.0,38470000000.0,14105000000.0,6741000000.0,6.719850495041888,safe,True
799288,LE,"LANDS' END, INC.",5651,retail,765481000.0,370480000.0,227623000.0,-94358000.0,239222000.0,50957000.0,1.747044661878125,grey,False
807882,JACK,JACK IN THE BOX INC,5812,retail,2773904000.0,213986000.0,426697000.0,1891977000.0,-827131000.0,82536000.0,1.6792579596399781,grey,True
813298,DXLG,"DESTINATION XL GROUP, INC.",5651,retail,380955000.0,131887000.0,90696000.0,-43847000.0,141223000.0,3732000.0,1.0184593775480106,distress,False
813672,CDNS,CADENCE DESIGN SYSTEMS INC,7372,software_it,8974482000.0,4016079000.0,1370105000.0,5991868000.0,4673578000.0,1350763000.0,6.263084025687254,safe,False
815556,FAST,FASTENAL CO,5200,retail,4698000000.0,3211900000.0,687100000.0,3613500000.0,3616300000.0,1510000000.0,11.703148024885383,safe,False
816761,TDC,TERADATA CORP /DE/,7372,software_it,1704000000.0,749000000.0,930000000.0,-1913000000.0,133000000.0,209000000.0,-3.443537152257914,distress,False
825324,GTIM,Good Times Restaurants Inc.,5812,retail,89546000.0,6575000.0,15798000.0,-17458000.0,33091000.0,1380000.0,-0.592218148616575,distress,False
829224,SBUX,STARBUCKS CORP,5810,retail,31893100000.0,7284700000.0,9725300000.0,-7256400000.0,-7464600000.0,5408800000.0,-0.3032119002087089,distress,False
832988,SIG,SIGNET JEWELERS LTD,5944,retail,5726600000.0,2712200000.0,1831500000.0,3745500000.0,1851800000.0,110700000.0,3.772789540159105,safe,False
836690,IA,INNOVATIVE SOLUTIONS & SUPPORT INC,7371,software_it,81253935.0,34055920.0,6518585.0,13403285.0,47771508.0,9661537.0,5.058115890428647,safe,True
849399,GEN,Gen Digital Inc.,7372,software_it,15363000000.0,1320000000.0,3764000000.0,171000000.0,2151000000.0,1610000000.0,-0.13211763914539715,distress,False
857005,PTC,PTC INC.,7372,software_it,6075364000.0,1084540000.0,1561440000.0,1431842000.0,3229821000.0,588062000.0,2.0956313657869865,grey,True
860731,TYL,TYLER TECHNOLOGIES INC,7372,software_it,5180015000.0,1440779000.0,1065607000.0,1866799000.0,3388422000.0,299526000.0,4.024402266325033,safe,True
866787,AZO,AUTOZONE INC,5531,retail,17465762000.0,7420550000.0,8888570000.0,-3860049000.0,-4672921000.0,3788708000.0,-0.03577095150597684,distress,False
876167,PRGS,PROGRESS SOFTWARE CORP /MA,7372,software_it,2526966000.0,368813000.0,455145000.0,120405000.0,438788000.0,124003000.0,0.4816140789131705,distress,False
876523,EZPW,EZCORP INC,5900,retail,1499133000.0,739957000.0,254003000.0,536427000.0,823894000.0,112530000.0,5.078562069097124,safe,True
883241,SNPS,SYNOPSYS INC,7372,software_it,13041089000.0,6323616000.0,2358594000.0,9278950000.0,9304901000.0,1355711000.0,7.627645002854019,safe,False
884144,ASUR,ASURE SOFTWARE INC,7373,software_it,436638000.0,237277000.0,223636000.0,-307226000.0,197315000.0,-10737000.0,-1.3884019715155547,distress,False
885245,BKE,BUCKLE INC,5651,retail,913173000.0,439209000.0,213932000.0,217479000.0,423804000.0,241364000.0,5.080234978456358,safe,False
885639,KSS,KOHLS Corp,5311,retail,13559000000.0,3388000000.0,3131000000.0,1008000000.0,3802000000.0,433000000.0,0.9904460091258211,distress,False
887596,CAKE,CHEESECAKE FACTORY INC,5812,retail,3041760000.0,333313000.0,711420000.0,1317828000.0,443455000.0,178317000.0,1.1700872020445698,grey,True
891103,MTCH,"Match Group, Inc.",7370,software_it,4465771000.0,1397762000.0,549461000.0,-6579753000.0,-63657000.0,823312000.0,-2.332941849585805,distress,False
895447,SHOE,SHOE STATION GROUP INC,5661,retail,1124133000.0,536144000.0,130425000.0,773353000.0,648996000.0,91152000.0,6.58946104826564,safe,True
896878,INTU,INTUIT INC.,7372,software_it,31682000000.0,9135000000.0,7179000000.0,17059000000.0,17949000000.0,3630000000.0,4.302632965318588,safe,False
898173,ORLY,O REILLY AUTOMOTIVE INC,5531,retail,14893741000.0,5839895000.0,8283505000.0,-2791288000.0,-1370961000.0,3251157000.0,-0.3088597721602031,distress,False
900075,CPRT,COPART INC,5500,retail,9187347000.0,4966783000.0,629637000.0,7292904000.0,8301257000.0,1572023000.0,16.67129179571244,safe,False
901491,PZZA,PAPA JOHNS INTERNATIONAL INC,5812,retail,888952000.0,230605000.0,277963000.0,241717000.0,-414216000.0,156704000.0,1.3878093029216871,grey,True
903651,INOD,INNODATA INC,7374,software_it,113449000.0,81000000.0,39506000.0,18977000.0,63389000.0,24336000.0,5.715716888986185,safe,True
909494,TCX,TUCOWS INC /PA/,7374,software_it,758796000.0,205382000.0,199851000.0,-150158000.0,-95300000.0,-65013000.0,-1.2902266630446073,distress,True
909832,COST,COSTCO WHOLESALE CORP /NEW,5331,retail,73386000000.0,37523000000.0,38289000000.0,18700000000.0,24451000000.0,9285000000.0,2.1371093715651175,grey,True
910638,DDD,3D SYSTEMS CORP,7372,software_it,608846000.0,428830000.0,139096000.0,-1362243000.0,176193000.0,-277400000.0,-6.806388266779105,distress,True
912615,URBN,URBAN OUTFITTERS INC,5651,retail,4519480000.0,1492796000.0,1075679000.0,2503068000.0,2471504000.0,473764000.0,4.382542322363487,safe,False
916365,TSCO,TRACTOR SUPPLY CO /DE/,5200,retail,9805485000.0,3309917000.0,2319193000.0,6910707000.0,2270334000.0,1467532000.0,4.282498214268072,safe,False
919012,AEO,AMERICAN EAGLE OUTFITTERS INC,5651,retail,3830775000.0,1354231000.0,882656000.0,2456063000.0,1766860000.0,427303000.0,4.546120308487505,safe,True
932696,NSIT,INSIGHT ENTERPRISES INC,5961,retail,7448578000.0,4844622000.0,4122202000.0,1508558000.0,1770611000.0,388584000.0,1.9744913688617567,grey,True
935036,ACIW,"ACI WORLDWIDE, INC.",7372,software_it,3025293000.0,990822000.0,602628000.0,1598085000.0,1424327000.0,308135000.0,4.182423392414943,safe,False
935419,RICK,"RCI HOSPITALITY HOLDINGS, INC.",5812,retail,586218000.0,47103000.0,46320000.0,210160000.0,268771000.0,18805000.0,2.2820417382761162,grey,True
935703,DLTR,"DOLLAR TREE, INC.",5331,retail,18644000000.0,9107200000.0,8585900000.0,3941500000.0,3977400000.0,1462000000.0,1.6843209945735949,grey,True
940944,DRI,DARDEN RESTAURANTS INC,5812,retail,12940200000.0,879600000.0,2401000000.0,-218900000.0,2070900000.0,1362300000.0,0.08109569083612228,distress,False
946581,TTWO,TAKE TWO INTERACTIVE SOFTWARE INC,7372,software_it,12679900000.0,2401300000.0,2895100000.0,-3332600000.0,5701900000.0,-4391100000.0,-2.5814616999469515,distress,True
1002638,OTEX,OPEN TEXT CORP,7373,software_it,13731713000.0,2085057000.0,2401069000.0,2174514000.0,4231507000.0,887085000.0,1.2670795878127568,grey,False
1005757,CSGS,CSG SYSTEMS INTERNATIONAL INC,7374,software_it,1500687000.0,900882000.0,615209000.0,1020150000.0,282569000.0,131333000.0,4.296555194670852,safe,False
1012019,RUSHA,RUSH ENTERPRISES INC \TX\,5500,retail,4617547000.0,2389715000.0,1650119000.0,1698614000.0,2161903000.0,468090000.0,3.855566217203831,safe,False
1013237,FDS,FACTSET RESEARCH SYSTEMS INC,7370,software_it,4048585000.0,750696000.0,538136000.0,1998954000.0,1991561000.0,701299000.0,4.134640210888593,safe,False
1013488,BJRI,BJs RESTAURANTS INC,5812,retail,1041064000.0,79565000.0,196309000.0,292441000.0,370017000.0,14080000.0,0.8499786637475817,distress,True
1013857,PEGA,PEGASYSTEMS INC,7374,software_it,1768273000.0,1333704000.0,1086058000.0,87901000.0,585480000.0,123882000.0,2.071319288616325,grey,False
1014473,VRSN,VERISIGN INC/CA,7371,software_it,1406500000.0,663800000.0,1531100000.0,-12600700000.0,-1957900000.0,1058200000.0,-28.806326901299794,distress,False
1018724,AMZN,AMAZON COM INC,5961,retail,624894000000.0,190867000000.0,179431000000.0,172866000000.0,285970000000.0,68593000000.0,2.6454580680418114,safe,False
1018840,ANF,ABERCROMBIE & FITCH CO /DE/,5651,retail,3299887000.0,1673431000.0,1126944000.0,3196724000.0,1351323000.0,740820000.0,6.481273349335848,safe,True
1019849,PAG,"PENSKE AUTOMOTIVE GROUP, INC.",5500,retail,17120900000.0,6046300000.0,6580600000.0,5756400000.0,5418500000.0,1370100000.0,1.915302185200753,grey,False
1023128,LAD,LITHIA MOTORS INC,5500,retail,23122600000.0,7773900000.0,6551100000.0,5753500000.0,6674100000.0,1568600000.0,2.040006032344059,grey,True
1023459,SLP,"Simulations Plus, Inc.",7373,software_it,196916000.0,40399000.0,9738000.0,30560000.0,184695000.0,6131000.0,17.60515499824743,safe,False
1023731,EGHT,8X8 INC /DE/,7374,software_it,698211000.0,219090000.0,175977000.0,-882320000.0,113013000.0,15193000.0,-3.36555149471847,distress,True
1031203,GPI,GROUP 1 AUTOMOTIVE INC,5500,retail,9824200000.0,3497300000.0,3396800000.0,4122400000.0,2974300000.0,909100000.0,2.512827261938732,grey,True
1031308,BSY,BENTLEY SYSTEMS INC,7372,software_it,3399807000.0,442073000.0,814334000.0,-75941000.0,1041120000.0,302150000.0,0.2695888348273115,distress,True
1034760,WYY,WIDEPOINT CORP,7373,software_it,71580516.0,55317773.0,52881953.0,-89082226.0,13579969.0,-1880382.0,-3.764540494783459,distress,False
1039280,NTWK,NETSOL TECHNOLOGIES INC,7372,software_it,59070129.0,42953392.0,19955153.0,-45288560.0,38515963.0,3493555.0,2.419650170759757,grey,True
1040130,PETS,PETMED EXPRESS INC,5912,retail,144795000.0,68383000.0,47959000.0,78187000.0,96184000.0,-1530000.0,4.692237527840016,safe,False
1040161,PXLW,"PIXELWORKS, INC",7372,software_it,64099000.0,34852000.0,8346000.0,-505880000.0,12482000.0,-12964000.0,-24.121002023786758,distress,True
1041061,YUM,YUM BRANDS INC,5812,retail,6727000000.0,1871000000.0,1269000000.0,-7256000000.0,-7648000000.0,2403000000.0,-1.0874428246973586,distress,True
1041803,PSMT,PRICESMART INC,5331,retail,2087682000.0,892524000.0,707570000.0,927700000.0,1158578000.0,220944000.0,4.050337021064994,safe,False
1041859,PLCE,"Childrens Place, Inc.",5651,retail,747552000.0,468004000.0,518118000.0,-192684000.0,-59411000.0,-13701000.0,-1.4805086950481827,distress,True
1043509,SAH,SONIC AUTOMOTIVE INC,5500,retail,5895700000.0,2885500000.0,2637700000.0,1412000000.0,1062300000.0,461500000.0,1.8132761929192098,grey,True
1044777,OSPN,OneSpan Inc.,7373,software_it,338734000.0,174894000.0,110275000.0,151256000.0,212530000.0,44805000.0,5.364212635564521,safe,False
1045742,LIVE,LIVE VENTURES Inc,5900,retail,395524000.0,172430000.0,121460000.0,12766000.0,73275000.0,-13644000.0,0.9575303795206594,distress,False
1056285,TBHC,"BRAND HOUSE COLLECTIVE, INC.",5990,retail,242188000.0,91304000.0,152672000.0,-196560000.0,-19017000.0,-14033000.0,-4.773876215898455,distress,False
1056696,MANH,MANHATTAN ASSOCIATES INC,7372,software_it,757551000.0,503264000.0,400304000.0,329439000.0,299126000.0,261596000.0,5.3149390432849835,safe,True
1057060,HZO,MARINEMAX INC,5531,retail,2634345000.0,1298423000.0,1091447000.0,796081000.0,1003201000.0,128226000.0,2.4734323224857513,grey,True
1058090,CMG,CHIPOTLE MEXICAN GRILL INC,5812,retail,9204374000.0,1780587000.0,1168768000.0,1574232000.0,3655546000.0,1916333000.0,3.084433799673102,safe,False
1058290,CTSH,COGNIZANT TECHNOLOGY SOLUTIONS CORP,7371,software_it,19966000000.0,7504000000.0,3585000000.0,14686000000.0,14408000000.0,2892000000.0,7.380796457251887,safe,True
1066194,EGAN,EGAIN Corp,7372,software_it,111257000.0,90650000.0,49283000.0,-322338000.0,55258000.0,5971000.0,-5.609131960662273,distress,False
1067294,CBRL,"CRACKER BARREL OLD COUNTRY STORE, INC",5812,retail,2149557000.0,280258000.0,454240000.0,442992000.0,460915000.0,45119000.0,0.5685308946524152,distress,False
1070235,BB,BLACKBERRY Ltd,7372,software_it,1309000000.0,455000000.0,332000000.0,-2230000000.0,725200000.0,800000.0,-3.6288721468966916,distress,False
1078075,NTCT,NETSCOUT SYSTEMS INC,7373,software_it,2174745000.0,692157000.0,381771000.0,-63060000.0,1520583000.0,-367602000.0,2.1465356962508837,grey,True
1084869,FLWS,1 800 FLOWERS COM INC,5990,retail,1137770000.0,492894000.0,325636000.0,295136000.0,495107000.0,-204813000.0,1.4092271013911042,grey,True
1089063,DKS,"DICK'S SPORTING GOODS, INC.",5940,retail,10458694000.0,5417707000.0,3080062000.0,6392513000.0,3198264000.0,1473932000.0,4.868374722366349,safe,False
1092699,SPSC,SPS COMMERCE INC,7372,software_it,1031230000.0,381907000.0,146684000.0,336099000.0,854690000.0,88883000.0,8.2214444664961,safe,False
1095565,HSTM,HEALTHSTREAM INC,7370,software_it,510766000.0,153122000.0,115693000.0,108972000.0,359355000.0,21287000.0,3.9483491992853947,safe,False
1102993,LPSN,LIVEPERSON INC,7372,software_it,607778000.0,231224000.0,139940000.0,-991261000.0,-67316000.0,-183195000.0,-6.461885900484694,distress,True
1107843,QLYS,"QUALYS, INC.",7372,software_it,973537000.0,585691000.0,428390000.0,-189217000.0,477116000.0,187196000.0,2.7276476259639924,safe,False
1108524,CRM,"Salesforce, Inc.",7372,software_it,102928000000.0,29727000000.0,27980000000.0,16369000000.0,61173000000.0,7205000000.0,2.6384933008941607,safe,True
1110611,ONTF,ON24 INC.,7372,software_it,250953000.0,228330000.0,88199000.0,-347669000.0,159412000.0,-50657000.0,-0.38130400656353824,distress,False
1120914,PDFS,PDF SOLUTIONS INC,7372,software_it,315289000.0,205979000.0,60542000.0,-93988000.0,246037000.0,935000.0,5.804542942392237,safe,False
1130713,NXH,"NEIGHBORHOOD INTELLIGENCE, INC.",5961,retail,401954000.0,227507000.0,224861000.0,-740466000.0,162732000.0,-184087000.0,-8.32563724477491,distress,False
1132105,SPWH,"SPORTSMAN'S WAREHOUSE HOLDINGS, INC.",5940,retail,852102000.0,366002000.0,283963000.0,149324000.0,235704000.0,-18239000.0,1.460543951368956,grey,True
1144879,APLD,Applied Digital Corp.,7374,software_it,1543169000.0,328388000.0,424353000.0,-392963000.0,434572000.0,-72175000.0,-1.1407917936886378,distress,False
1144980,ABG,ASBURY AUTOMOTIVE GROUP INC,5500,retail,10337000000.0,3137900000.0,2836300000.0,3218900000.0,3502100000.0,835600000.0,2.287771264069556,grey,True
1158449,AAP,ADVANCE AUTO PARTS INC,5531,retail,10798000000.0,6143000000.0,4665000000.0,4163000000.0,2170000000.0,-713000000.0,1.975111878751564,grey,True
1169561,CVLT,COMMVAULT SYSTEMS INC,7372,software_it,1023756000.0,576733000.0,511738000.0,-1136861000.0,287849000.0,73738000.0,-2.308965736958137,distress,False
1171759,RRGB,RED ROBIN GOURMET BURGERS INC,5812,retail,641314000.0,99434000.0,189552000.0,-152959000.0,-84269000.0,-53081000.0,-2.377510648168396,distress,False
1173489,CEVA,CEVA INC,7370,software_it,308948000.0,216341000.0,30529000.0,11193000.0,266556000.0,-7545000.0,10.501684133392445,safe,True
1177609,FIVE,"FIVE BELOW, INC",5331,retail,4339574000.0,1351367000.0,756442000.0,1655307000.0,1808327000.0,323817000.0,3.3944040975322243,safe,False
1210677,FA,FIRST ADVANTAGE CORP,7374,software_it,3922893000.0,475993000.0,250688000.0,-159808000.0,1307039000.0,-62384000.0,0.6617378504895284,distress,False
1254699,QVCG,"QVC Group, Inc.",5961,retail,9889000000.0,2504000000.0,2233000000.0,-7538000000.0,3369000000.0,-770000000.0,-2.285894089268177,distress,False
1261333,DOCU,"DOCUSIGN, INC.",7372,software_it,4012705000.0,1489261000.0,1831910000.0,-1287323000.0,2002692000.0,199928000.0,-0.2250203071810235,distress,False
1275158,NDLS,NOODLES & Co,5812,retail,324648000.0,20192000.0,65717000.0,-184457000.0,-5579000.0,-27778000.0,-3.3648781548613322,distress,False
1280058,BLKB,BLACKBAUD INC,7372,software_it,2496000000.0,976593000.0,1252055000.0,-99457000.0,126839000.0,-271377000.0,-1.528286399228471,distress,False
1286139,LZ,"LEGALZOOM.COM, INC.",7374,software_it,373883000.0,191223000.0,265582000.0,-1069317000.0,93257000.0,35581000.0,-9.639924217163433,distress,False
1288847,FIVN,"Five9, Inc.",7374,software_it,2051214000.0,1248568000.0,641691000.0,-417645000.0,622192000.0,-51303000.0,1.5661854229889394,grey,True
1289460,TXRH,"Texas Roadhouse, Inc.",5812,retail,3190779000.0,516568000.0,828130000.0,1358280000.0,1373723000.0,516519000.0,2.6288398479988686,safe,False
1315098,RBLX,Roblox Corp,7372,software_it,7175003000.0,3728030000.0,3663208000.0,-3995637000.0,209000000.0,-1063317000.0,-2.720556411303974,distress,False
1316835,BLDR,"Builders FirstSource, Inc.",5211,retail,10583086000.0,3141239000.0,1777276000.0,24065000.0,4296470000.0,1595249000.0,2.583421795588651,grey,True
1318008,ZUMZ,Zumiez Inc,5600,retail,634881000.0,322385000.0,155514000.0,149174000.0,328977000.0,1950000.0,3.640037519136688,safe,True
1318484,CTRN,Citi Trends Inc,5600,retail,462769000.0,197060000.0,174391000.0,275901000.0,113176000.0,-39488000.0,2.0314508910237348,grey,True
1319947,DBI,Designer Brands Inc.,5661,retail,2009224000.0,734824000.0,590351000.0,74800000.0,275425000.0,34933000.0,0.8766954575077874,distress,False
1321655,PLTR,Palantir Technologies Inc.,7372,software_it,6340884000.0,5934289000.0,996018000.0,-5187423000.0,5094407000.0,310403000.0,7.062298560620437,safe,False
1326380,GME,GameStop Corp.,5734,retail,5875400000.0,5355000000.0,665400000.0,-81500000.0,4929800000.0,-26200000.0,10.634923806678072,safe,False
1326801,META,"Meta Platforms, Inc.",7370,software_it,276054000000.0,100045000000.0,33596000000.0,102506000000.0,182637000000.0,69380000000.0,6.531328794794307,safe,True
1327688,OOMA,OOMA INC,7374,software_it,149195000.0,56177000.0,51660000.0,-140179000.0,85278000.0,-6940000.0,-1.7760662424063278,distress,False
1327811,WDAY,"Workday, Inc.",7374,software_it,17977000000.0,10545000000.0,5548000000.0,-1205000000.0,9034000000.0,415000000.0,2.8207566487403106,safe,True
1336920,LDOS,"Leidos Holdings, Inc.",7373,software_it,13010000000.0,4334000000.0,3560000000.0,3410000000.0,4460000000.0,1827000000.0,2.736149736370134,safe,True
1340476,DRTTF,DIRTT ENVIRONMENTAL SOLUTIONS LTD,7372,software_it,118220000.0,67159000.0,29575000.0,-166098000.0,42590000.0,4226000.0,-1.6632299548955416,distress,False
1341439,ORCL,ORACLE CORP,7372,software_it,148483000000.0,23503000000.0,29052000000.0,-19045000000.0,14236000000.0,17678000000.0,0.2481155055336145,distress,False
1351636,SSTI,"SOUNDTHINKING, INC.",7372,software_it,136793000.0,43528000.0,56059000.0,-104298000.0,72399000.0,-7855000.0,-2.2918746546577182,distress,True
1355096,QVCAQ,"Old QVC Group, Inc.",5961,retail,9243000000.0,3299000000.0,2724000000.0,-1094000000.0,-885000000.0,-809000000.0,-0.657683731008428,distress,False
1356093,CREX,"CREATIVE REALITIES, INC.",7373,software_it,65210000.0,14496000.0,26163000.0,-56854000.0,25460000.0,938000.0,-3.2467509497617275,distress,False
1361113,VRNS,VARONIS SYSTEMS INC,7372,software_it,1664275000.0,878074000.0,709885000.0,-740155000.0,455656000.0,-117651000.0,-0.866075212993815,distress,False
1368458,SBH,"Sally Beauty Holdings, Inc.",5990,retail,2710768000.0,1246720000.0,548599000.0,792620000.0,656489000.0,282733000.0,3.6790972506646193,safe,True
1372612,BOX,BOX INC,7372,software_it,1667520000.0,1097779000.0,922076000.0,-962143000.0,-296962000.0,79634000.0,-1.0275793843879621,distress,True
1373715,NOW,"ServiceNow, Inc.",7372,software_it,20383000000.0,9187000000.0,8358000000.0,3494000000.0,9609000000.0,1364000000.0,2.2117784850318736,grey,False
1378950,PRTS,"CarParts.com, Inc.",5531,retail,210574000.0,138868000.0,90423000.0,-229575000.0,85175000.0,-40635000.0,-2.6285414856373963,distress,False
1384905,RNG,"RingCentral, Inc.",7374,software_it,1779873000.0,871122000.0,748799000.0,-1757424000.0,-550919000.0,2670000.0,-3.006145217840307,distress,False
1393052,VEEV,VEEVA SYSTEMS INC,7372,software_it,7339756000.0,6308802000.0,1398404000.0,3454595000.0,5832373000.0,691435000.0,10.618827264476865,safe,True
1395942,OPLN,"OPENLANE, Inc.",5500,retail,4622300000.0,2851500000.0,2565500000.0,689800000.0,1342700000.0,182200000.0,1.587159444863844,grey,False
1402057,CDW,CDW Corp,5961,retail,14678400000.0,7373100000.0,5474400000.0,-1322900000.0,2352700000.0,1651300000.0,1.5111606584585195,grey,True
1402436,SSNC,SS&C Technologies Holdings Inc,7372,software_it,19044700000.0,4862400000.0,4354300000.0,3641900000.0,6609100000.0,1343500000.0,1.8305220520506384,grey,False
1403568,ULTA,"Ulta Beauty, Inc.",5990,retail,6001693000.0,3028808000.0,1779478000.0,1473909000.0,2488353000.0,1564972000.0,4.662092464926822,safe,False
1404655,HUBS,HUBSPOT INC,7372,software_it,3795833000.0,2633603000.0,1573399000.0,-799809000.0,1908286000.0,-67602000.0,2.0872075426854977,grey,False
1409171,TITN,Titan Machinery Inc.,5990,retail,1813938000.0,1292628000.0,960956000.0,360314000.0,614077000.0,4008000.0,2.399254569789687,grey,True
1410384,QTWO,"Q2 Holdings, Inc.",7372,software_it,1294795000.0,558660000.0,398900000.0,-664230000.0,517796000.0,-42263000.0,-0.3825863070697604,distress,False
1422930,PUBM,"PubMatic, Inc.",7370,software_it,739519000.0,575546000.0,418810000.0,149385000.0,277263000.0,3927000.0,2.7143555211496015,safe,True
1432133,KLTR,KALTURA INC,7372,software_it,181305000.0,121558000.0,101663000.0,-468810000.0,24387000.0,-24099000.0,-8.43974951699108,distress,True
1433195,APPF,APPFOLIO INC,7372,software_it,626678000.0,335402000.0,63280000.0,290048000.0,519290000.0,135644000.0,10.889348168219215,safe,False
1437925,MRDN,Meridian Holdings Inc./NV,7372,software_it,213717593.0,45066481.0,63550543.0,57046892.0,108950580.0,2743704.0,1.4810174611282796,grey,True
1441683,APPN,APPIAN CORP,7372,software_it,621039000.0,435543000.0,354756000.0,-612154000.0,-32640000.0,-60853000.0,-3.0709056665882177,distress,False
1441816,MDB,"MongoDB, Inc.",7372,software_it,3430293000.0,2923522000.0,561987000.0,-1840704000.0,2782224000.0,-216064000.0,6.85129206503099,safe,False
1442145,VRSK,"Verisk Analytics, Inc.",7374,software_it,4264700000.0,911600000.0,1238900000.0,7153400000.0,105000000.0,1253900000.0,6.9670168952323905,safe,True
1445305,WK,WORKIVA INC,7372,software_it,1368469000.0,1048242000.0,592425000.0,-707683000.0,-41684000.0,-76534000.0,0.09231487464039677,distress,False
1447669,TWLO,TWILIO INC,7372,software_it,9865472000.0,3447299000.0,820220000.0,-7522010000.0,7952966000.0,-53708000.0,3.590986956124358,safe,False
1454938,TEAD,Teads Holding Co.,7370,software_it,549213000.0,343131000.0,289471000.0,-169493000.0,231343000.0,-12638000.0,0.24440988862663304,distress,True
1459200,ALRM,"Alarm.com Holdings, Inc.",7372,software_it,2038208000.0,1481592000.0,188806000.0,390302000.0,726546000.0,108548000.0,5.7246078956754225,safe,False
1462056,BLZE,"Backblaze, Inc.",7372,software_it,168558000.0,65748000.0,59803000.0,-195985000.0,77622000.0,-46289000.0,-4.50824465680794,distress,False
1467623,DBX,"DROPBOX, INC.",7372,software_it,3325200000.0,1738400000.0,1210800000.0,-3146500000.0,-752400000.0,486200000.0,-1.2551170659823743,distress,False
1468327,RENT,"Rent the Runway, Inc.",5990,retail,240000000.0,93900000.0,47400000.0,-1123000000.0,-182500000.0,-47500000.0,-15.766633629191318,distress,False
1474627,NEGG,"Newegg Commerce, Inc.",5990,retail,407321000.0,283645000.0,243573000.0,-174027000.0,106092000.0,-51551000.0,-1.2281425539592532,distress,False
1476840,EXFY,"Expensify, Inc.",7372,software_it,173680000.0,136876000.0,38010000.0,-150828000.0,128243000.0,-820000.0,3.8349948194577035,safe,False
1477333,NET,"Cloudflare, Inc.",7372,software_it,3301162000.0,2268997000.0,793654000.0,-1102640000.0,1046201000.0,-154761000.0,2.014993745084963,grey,True
1477720,ASAN,"Asana, Inc.",7372,software_it,891415000.0,600741000.0,415817000.0,-1828476000.0,227523000.0,-266735000.0,-6.977016357394323,distress,False
1477815,SG,"Sweetgreen, Inc.",5812,retail,856758000.0,234537000.0,115827000.0,-875358000.0,446145000.0,-95704000.0,-2.031634132713979,distress,False
1484778,TDUP,ThredUp Inc.,5961,retail,171225000.0,56922000.0,61524000.0,-555861000.0,56301000.0,-40619000.0,-11.839268767740968,distress,False
1491419,LVO,"LiveOne, Inc.",5812,retail,56216000.0,22779000.0,40848000.0,-254257000.0,1130000.0,-18057000.0,-18.990014602172362,distress,False
1494259,CARG,"CarGurus, Inc.",7374,software_it,824536000.0,391206000.0,93051000.0,375119000.0,541689000.0,157147000.0,7.146882100389737,safe,True
1505155,UPLD,"Upland Software, Inc.",7372,software_it,529522000.0,118392000.0,120420000.0,-601604000.0,-18305000.0,-102295000.0,-5.062175221751794,distress,True
1505952,DOMO,"Huckleberry.ai, Inc.",7372,software_it,214340000.0,141677000.0,254949000.0,-1487538000.0,-177246000.0,-59282000.0,-28.425315787209783,distress,True
1506293,PINS,"PINTEREST, INC.",7370,software_it,5342660000.0,3484707000.0,398133000.0,-288162000.0,4751154000.0,179817000.0,12.274116498536449,safe,True
1507079,FND,"Floor & Decor Holdings, Inc.",5211,retail,5050478000.0,1492385000.0,1244192000.0,1622273000.0,2170158000.0,256176000.0,2.5014999350326454,grey,True
1512673,XYZ,"Block, Inc.",7372,software_it,36777595000.0,19880201000.0,8546798000.0,2368618000.0,21234962000.0,892327000.0,3.829087140240955,safe,True
1514416,BAND,Bandwidth Inc.,7372,software_it,989166000.0,187812000.0,140323000.0,-71414000.0,312533000.0,-20059000.0,0.42829664360341735,distress,False
1516513,DOCS,"Doximity, Inc.",7371,software_it,1172157000.0,1012703000.0,115881000.0,151216000.0,1031120000.0,227800000.0,14.422164562815441,safe,False
1517375,SPT,"Sprout Social, Inc.",7372,software_it,428341000.0,210215000.0,220752000.0,-354383000.0,166594000.0,-60356000.0,-3.137094763840633,distress,False
1517413,FSLY,"Fastly, Inc.",7372,software_it,1451359000.0,440195000.0,104456000.0,-992810000.0,965250000.0,-167915000.0,0.5949651430054848,distress,False
1522540,MQ,"Marqeta, Inc.",7372,software_it,1463204000.0,1249297000.0,370985000.0,-797908000.0,1085018000.0,-24466000.0,5.0601102932825786,safe,False
1524025,TLYS,"TILLY'S, INC.",5600,retail,342463000.0,130960000.0,99383000.0,-74191000.0,100871000.0,-49849000.0,-0.6411383591885929,distress,False
1525769,PLAY,"Dave & Buster's Entertainment, Inc.",5812,retail,4015800000.0,94400000.0,433900000.0,657500000.0,145800000.0,220400000.0,0.38753811861750737,distress,True
1526520,TRIP,"TripAdvisor, Inc.",7370,software_it,2561000000.0,1320000000.0,628000000.0,276000000.0,942800000.0,92000000.0,2.9770486072352216,safe,True
1528396,GWRE,"Guidewire Software, Inc.",7372,software_it,2542789000.0,1478126000.0,558681000.0,-652191000.0,1268736000.0,-52573000.0,2.442558949596018,grey,True
1528849,RH,RH,5712,retail,4554689000.0,1291331000.0,905126000.0,-510852000.0,-163589000.0,322587000.0,0.6301415775206012,distress,True
1529274,ALKT,"ALKAMI TECHNOLOGY, INC.",7372,software_it,437277000.0,181377000.0,45570000.0,-476201000.0,357030000.0,-44626000.0,2.47297039220433,grey,True
1530979,HNST,"Honest Company, Inc.",5961,retail,247393000.0,213918000.0,59889000.0,-485192000.0,174307000.0,-6331000.0,0.02297100836101107,distress,True
1531152,BJ,"BJ's Wholesale Club Holdings, Inc.",5331,retail,7065305000.0,1878960000.0,2534082000.0,1702648000.0,1847454000.0,772206000.0,1.2835831261972779,grey,False
1535527,CRWD,"CrowdStrike Holdings, Inc.",7372,software_it,8701578000.0,6113345000.0,3461050000.0,-1120540000.0,3318917000.0,-116400000.0,2.137255508480474,grey,True
1544522,FRSH,Freshworks Inc.,7372,software_it,1611884000.0,1265427000.0,407715000.0,-3735877000.0,1137921000.0,-138610000.0,-2.121999140112281,distress,False
1546417,BLMN,"Bloomin' Brands, Inc.",5812,retail,3384805000.0,320519000.0,952336000.0,-925834000.0,139446000.0,139808000.0,-1.7935210521438256,distress,False
1547459,NGVC,"Natural Grocers by Vitamin Cottage, Inc.",5411,retail,648879000.0,144525000.0,150127000.0,121093000.0,181876000.0,46977000.0,1.447177634475581,grey,True
1549346,SSTK,"Shutterstock, Inc.",7374,software_it,1309156000.0,255958000.0,625286000.0,336202000.0,518350000.0,68708000.0,0.027470666179046366,distress,False
1552800,TTSH,"TILE SHOP HOLDINGS, INC.",5700,retail,319603000.0,119822000.0,78394000.0,-6788000.0,122912000.0,3517000.0,1.5111829336394553,grey,False
1559865,EVTC,"EVERTEC, Inc.",7374,software_it,1857611000.0,529065000.0,279660000.0,599608000.0,475801000.0,165666000.0,2.8938838596868006,safe,True
1560327,RPD,"Rapid7, Inc.",7372,software_it,1652034000.0,786111000.0,630216000.0,-988034000.0,17711000.0,35035000.0,-1.1767835050546698,distress,False
1561550,DDOG,"Datadog, Inc.",7372,software_it,5785339000.0,4911115000.0,1862713000.0,30048000.0,2714363000.0,54284000.0,4.4646411386449465,safe,False
1562088,DUOL,"Duolingo, Inc.",7372,software_it,1301728000.0,1101588000.0,422231000.0,-125847000.0,824550000.0,62595000.0,5.24593115735118,safe,True
1564408,SNAP,Snap Inc,7370,software_it,7936348000.0,4906757000.0,1243548000.0,-12735461000.0,2450761000.0,-787294000.0,-2.40092948458632,distress,False
1565687,INTA,"Intapp, Inc.",7372,software_it,800587000.0,417141000.0,306147000.0,-501919000.0,468390000.0,-32191000.0,0.0759324991610224,distress,True
1568100,PD,"PagerDuty, Inc.",7372,software_it,927266000.0,711720000.0,369158000.0,-595170000.0,129828000.0,-59772000.0,0.06880199322971628,distress,False
1569345,CXM,"Sprinklr, Inc.",7372,software_it,1184199000.0,854097000.0,517583000.0,-626065000.0,612063000.0,23970000.0,1.3999502168376121,grey,True
1571123,SAIC,Science Applications International Corp,7373,software_it,5246000000.0,1154000000.0,1396000000.0,1565000000.0,1577000000.0,563000000.0,1.8424138626509503,grey,True
1573221,REAL,"TheRealReal, Inc.",5900,retail,423095000.0,232669000.0,248676000.0,-1253827000.0,-407376000.0,-56495000.0,-11.321449974230758,distress,True
1573516,MUSA,Murphy USA Inc.,5500,retail,4541600000.0,748100000.0,947900000.0,3743400000.0,840100000.0,742900000.0,3.7359946610059658,safe,False
1575515,SFM,"Sprouts Farmers Market, Inc.",5411,retail,3640699000.0,675520000.0,679968000.0,513654000.0,1321893000.0,504497000.0,1.9817066754965054,grey,True
1576942,SFIX,"Stitch Fix, Inc.",5961,retail,472638000.0,352904000.0,191154000.0,-480038000.0,197757000.0,-133427000.0,-2.2077002216933135,distress,False
1577526,AI,"C3.ai, Inc.",7372,software_it,1055141000.0,930903000.0,138047000.0,-1298933000.0,860177000.0,-324424000.0,3.482479603784481,safe,True
1579157,VNCE,VINCE HOLDING CORP.,5600,retail,222735000.0,96576000.0,73546000.0,-1116681000.0,41759000.0,-17176000.0,-15.941642040682549,distress,True
1579878,FIG,"Figma, Inc.",7372,software_it,1793148000.0,1638025000.0,446959000.0,-192910000.0,1324053000.0,-877433000.0,3.68207461669832,safe,False
1581760,LIF,"Life360, Inc.",7374,software_it,441580000.0,240989000.0,77338000.0,-289698000.0,358545000.0,-7976000.0,4.704957643220285,safe,True
1582961,DOCN,"DigitalOcean Holdings, Inc.",7370,software_it,1639015000.0,541718000.0,220955000.0,-258742000.0,-202955000.0,91007000.0,1.0266233630500743,distress,False
1582982,CCLD,"CareCloud, Inc.",7372,software_it,71614000.0,24800000.0,19580000.0,-66630000.0,49774000.0,9121000.0,0.6939068451377151,distress,True
1583708,S,"SentinelOne, Inc.",7372,software_it,2406625000.0,1069722000.0,613553000.0,-1627485000.0,1669247000.0,-329359000.0,0.4961297056933227,distress,True
1584509,ARMK,Aramark,5812,retail,12706666000.0,3294813000.0,3496855000.0,315470000.0,3081884000.0,706510000.0,0.6864847146992661,distress,False
1585521,ZM,"Zoom Communications, Inc.",7370,software_it,10988421000.0,8675974000.0,1903294000.0,3799518000.0,8935084000.0,813295000.0,10.236903407850585,safe,False
1590955,PAYC,"Paycom Software, Inc.",7372,software_it,5859900000.0,4304800000.0,3906800000.0,1887500000.0,1575900000.0,634300000.0,2.6092616554890014,safe,False
1591698,PCTY,Paylocity Holding Corp,7372,software_it,5293774000.0,4237256000.0,3705618000.0,760494000.0,1172140000.0,260093000.0,1.755899739461305,grey,True
1594805,SHOP,SHOPIFY INC.,7372,software_it,13924000000.0,7254000000.0,1956000000.0,1629000000.0,11558000000.0,1075000000.0,8.525542454473907,safe,False
1595974,MGNI,"MAGNITE, INC.",7370,software_it,2854768000.0,1703180000.0,1495984000.0,-661172000.0,768218000.0,51087000.0,0.22793450250262245,distress,True
1596961,RDNW,"RideNow Group, Inc.",7371,software_it,755200000.0,371400000.0,324400000.0,-659900000.0,36700000.0,-15200000.0,-2.52197389401472,distress,False
1597033,SABR,Sabre Corp,7370,software_it,4634929000.0,1163218000.0,1141774000.0,-4327152000.0,-1604699000.0,241849000.0,-2.932563269016675,distress,False
1600641,DIBS,"1stdibs.com, Inc.",5961,retail,145758000.0,111864000.0,28459000.0,-332352000.0,99305000.0,-26215000.0,-2.6435689312559534,distress,False
1603015,VIA,"Via Transportation, Inc.",7372,software_it,378769000.0,163202000.0,76549000.0,-1094955000.0,-987855000.0,-83896000.0,-10.170766100195552,distress,False
1604868,GRWG,GrowGeneration Corp.,5200,retail,174352000.0,113208000.0,24274000.0,-255643000.0,120093000.0,-51972000.0,-1.1129656484894044,distress,True
1606366,LOCO,"El Pollo Loco Holdings, Inc.",5812,retail,592014000.0,19895000.0,75658000.0,18909000.0,260669000.0,41168000.0,0.7795611173251594,distress,True
1609151,WEAV,"Weave Communications, Inc.",7372,software_it,188926000.0,120739000.0,76620000.0,-291013000.0,66968000.0,-31413000.0,-4.0304112067575595,distress,False
1609711,GDDY,GoDaddy Inc.,7373,software_it,8235400000.0,1951800000.0,2698400000.0,-2052300000.0,692100000.0,893500000.0,-0.5816953155764594,distress,False
1610250,BOOT,"Boot Barn Holdings, Inc.",5661,retail,2013019000.0,899380000.0,409050000.0,866429000.0,1090572000.0,239352000.0,5.041420761166223,safe,False
1611052,PCOR,"PROCORE TECHNOLOGIES, INC.",7372,software_it,2101371000.0,1099879000.0,728032000.0,-1244793000.0,1288353000.0,-136423000.0,0.45730808116869714,distress,False
1614178,YEXT,"Yext, Inc.",7374,software_it,610078000.0,285801000.0,344714000.0,-707120000.0,153193000.0,-32448000.0,-4.417377264457104,distress,False
1615063,INSE,"Inspired Entertainment, Inc.",7372,software_it,438400000.0,159900000.0,104000000.0,-441500000.0,-3300000.0,30700000.0,-1.9838529026455511,distress,True
1615165,VERI,"Veritone, Inc.",7374,software_it,198060000.0,59406000.0,60957000.0,-467280000.0,13452000.0,-88206000.0,-10.658880389032586,distress,True
1616707,W,Wayfair Inc.,5961,retail,3459000000.0,1877000000.0,2370000000.0,-4510000000.0,-2755000000.0,-461000000.0,-6.546643114760215,distress,False
1617553,ZIP,"ZIPRECRUITER, INC.",7370,software_it,664060000.0,543673000.0,81594000.0,-18385000.0,13430000.0,1262000.0,4.508894311604754,safe,False
1618732,NTNX,"Nutanix, Inc.",7372,software_it,2988990000.0,2335394000.0,1317554000.0,-4928614000.0,-807674000.0,7563000.0,-3.347979118734641,distress,False
1618755,QSP,Restaurant Brands International Limited Partnership,5812,retail,24632000000.0,2282000000.0,2364000000.0,0.0,4843000000.0,2419000000.0,0.8950717981492665,distress,False
1618756,QSR,Restaurant Brands International Inc.,5812,retail,24632000000.0,2282000000.0,2364000000.0,1860000000.0,4843000000.0,2419000000.0,1.1412393850281233,grey,True
1620533,SHAK,Shake Shack Inc.,5810,retail,1696971000.0,368216000.0,187313000.0,26984000.0,493626000.0,3038000.0,1.1939095089507352,grey,True
1625278,NRDS,"NERDWALLET, INC.",7374,software_it,437600000.0,196700000.0,60100000.0,-166500000.0,364200000.0,9400000.0,6.161668538822111,safe,False
1625641,LAW,"CS Disco, Inc.",7372,software_it,180320000.0,156936000.0,25694000.0,-297430000.0,147514000.0,-61723000.0,1.8184726801739095,grey,True
1626450,CMRC,"Commerce.com, Inc.",7372,software_it,340289000.0,251219000.0,88006000.0,-621688000.0,33369000.0,-41684000.0,-3.5184660196642703,distress,True
1627475,UPWK,"UPWORK, INC",7374,software_it,1211613000.0,911054000.0,268433000.0,-78476000.0,575377000.0,65206000.0,4.579390115079337,safe,True
1634117,BNED,"Barnes & Noble Education, Inc.",5940,retail,1093187000.0,749381000.0,524168000.0,-689567000.0,292949000.0,15924000.0,-0.2226346628511014,distress,False
1635327,FLUT,Flutter Entertainment plc,7370,software_it,24508000000.0,4344000000.0,4590000000.0,9573000000.0,9459000000.0,869000000.0,2.1057836162383126,grey,True
1636222,WING,Wingstop Inc.,5812,retail,716246000.0,395618000.0,87443000.0,-676940000.0,-675586000.0,165616000.0,0.7856225665623423,distress,False
1636422,HCAT,"Health Catalyst, Inc.",7370,software_it,858929000.0,465650000.0,325850000.0,-1186672000.0,365207000.0,-69806000.0,-3.205666872848443,distress,True
1638826,TTAN,"ServiceTitan, Inc.",7372,software_it,1768648000.0,572766000.0,153116000.0,-1105730000.0,1454584000.0,-229952000.0,3.507760975374871,safe,True
1639300,OLLI,"Ollie's Bargain Outlet Holdings, Inc.",5331,retail,2561145000.0,993791000.0,304341000.0,1367713000.0,1695310000.0,249503000.0,6.217402877402166,safe,False
1639438,CAVA,"CAVA GROUP, INC.",5812,retail,1169669000.0,394154000.0,132636000.0,-317344000.0,695566000.0,43118000.0,2.3704284200442696,grey,True
1639723,NAVN,"Navan, Inc.",7372,software_it,1083954000.0,688852000.0,446026000.0,-1617113000.0,-1186899000.0,-107638000.0,-4.610021321013979,distress,False
1640147,SNOW,Snowflake Inc.,7372,software_it,9033938000.0,5869372000.0,3301183000.0,-7293575000.0,3006643000.0,-1456010000.0,-1.3263681852093572,distress,True
1640428,EVER,"EverQuote, Inc.",7370,software_it,210530000.0,171780000.0,72649000.0,-181179000.0,135368000.0,31751000.0,3.1879016650420877,safe,True
1642896,IOT,Samsara Inc.,7373,software_it,2024302000.0,1212274000.0,761346000.0,-1610005000.0,1069196000.0,-189973000.0,-0.586736219366764,distress,True
1646972,ACI,"Albertsons Companies, Inc.",5411,retail,26665300000.0,6665500000.0,7155100000.0,1403800000.0,3365700000.0,1546100000.0,0.5924885214947236,distress,False
1649744,DLTH,DULUTH HOLDINGS INC.,5600,retail,452442000.0,191631000.0,128637000.0,77721000.0,179679000.0,-36861000.0,1.6175495204497432,grey,True
1650164,TOST,"Toast, Inc.",7374,software_it,2408000000.0,1975000000.0,811000000.0,-1604000000.0,1545000000.0,16000000.0,2.9239326616954684,safe,False
1650372,TEAM,Atlassian Corp,7372,software_it,5446305000.0,3321700000.0,2684567000.0,-3618775000.0,1219555000.0,-117077000.0,-1.2401735335914315,distress,False
1651562,COUR,"Coursera, Inc.",7372,software_it,930300000.0,830700000.0,327500000.0,-860200000.0,597400000.0,-113200000.0,1.6005188086014566,grey,True
1652044,GOOGL,Alphabet Inc.,7370,software_it,450256000000.0,163711000000.0,89122000000.0,245084000000.0,325084000000.0,112390000000.0,7.265567967016528,safe,False
1653482,GTLB,Gitlab Inc.,7372,software_it,1399263000.0,1336317000.0,545031000.0,-1167614000.0,821306000.0,-142715000.0,1.7960984189318976,grey,False
1653909,BIRD,"Smartbird, Inc.",7374,software_it,188879000.0,130558000.0,44369000.0,-484517000.0,101685000.0,-97553000.0,-7.615452102986846,distress,False
1660134,OKTA,"Okta, Inc.",7372,software_it,9437000000.0,3416000000.0,2523000000.0,-2802000000.0,6405000000.0,-74000000.0,1.8182048125424455,grey,False
1660280,TENB,"Tenable Holdings, Inc.",7372,software_it,1742119000.0,940745000.0,738092000.0,-861336000.0,399954000.0,-6856000.0,-0.5622636504138875,distress,False
1665300,PHUN,"Phunware, Inc.",7374,software_it,114781000.0,113759000.0,6451000.0,-313320000.0,107183000.0,-13889000.0,11.232939626488402,safe,False
1666071,CDLX,"Cardlytics, Inc.",7370,software_it,392711000.0,177983000.0,148955000.0,-1300576000.0,69993000.0,-195499000.0,-13.429150664966064,distress,False
1666134,BL,"BLACKLINE, INC.",7372,software_it,1825036000.0,1092404000.0,422243000.0,-48989000.0,446669000.0,18536000.0,2.729863824792472,safe,False
1669779,CWH,"Camping World Holdings, Inc.",5500,retail,4863277000.0,2271288000.0,1680952000.0,132241000.0,484949000.0,148570000.0,1.2065312947913358,grey,True
1671933,TTD,"Trade Desk, Inc.",7370,software_it,6111951000.0,5336458000.0,2873465000.0,354249000.0,2949145000.0,427167000.0,4.281229333308763,safe,True
1673358,YUMC,"Yum China Holdings, Inc.",5812,retail,11121000000.0,2694000000.0,2283000000.0,2089000000.0,6414000000.0,1162000000.0,2.9877428453876815,safe,True
1673481,SEGG,Sports Entertainment Gaming Global Corp,7372,software_it,52942271.0,15892458.0,30397442.0,-263468728.0,22544829.0,-18269435.0,-19.560975182525194,distress,False
1673743,HNGE,"Hinge Health, Inc.",7374,software_it,673259000.0,583446000.0,249299000.0,-522735000.0,-434570000.0,-31910000.0,-0.0057221326992134,distress,True
1676238,BRZE,"Braze, Inc.",7372,software_it,870998000.0,644026000.0,324477000.0,-586836000.0,474861000.0,-122159000.0,0.5264568893294963,distress,False
1683606,CARS,Cars.com Inc.,7374,software_it,1111865000.0,214330000.0,116885000.0,-961546000.0,511485000.0,53498000.0,-1.026469167631478,distress,True
1688568,DXC,DXC Technology Co,7374,software_it,13033000000.0,5075000000.0,3788000000.0,-3715000000.0,3252000000.0,1019000000.0,0.5930630544205446,distress,True
1690820,CVNA,CARVANA CO.,5500,retail,8484000000.0,4869000000.0,1338000000.0,-1416000000.0,1375000000.0,990000000.0,3.1733846650947273,safe,False
1701756,SDOT,Sadot Group Inc.,5810,retail,164654000.0,152679000.0,132170000.0,-83187000.0,32373000.0,6165000.0,-0.32134892974025403,distress,True
1701758,LOVE,Lovesac Co,5712,retail,532250000.0,246597000.0,155110000.0,25845000.0,216355000.0,13648000.0,2.177334482277947,grey,True
1704720,CNNE,"Cannae Holdings, Inc.",5810,retail,2228900000.0,196900000.0,146500000.0,567100000.0,1815300000.0,-103700000.0,5.273603358766192,safe,True
1705012,FATAQ,"Fat Brands, Inc",5812,retail,1289178000.0,88034000.0,298316000.0,-458624000.0,-455712000.0,-52220000.0,-2.7761963006304837,distress,False
1707753,ESTC,Elastic N.V.,7372,software_it,2330147000.0,1693436000.0,837032000.0,-1083340000.0,859106000.0,-54922000.0,1.3501818431935437,grey,True
1708055,RBBN,Ribbon Communications Inc.,7373,software_it,1162554000.0,463662000.0,328873000.0,-1574185000.0,404621000.0,16872000.0,-2.9956362989447243,distress,True
1713445,RDDT,"Reddit, Inc.",7374,software_it,2336595000.0,2223401000.0,176024000.0,-1200838000.0,2130749000.0,-560568000.0,13.32917578964486,safe,False
1713683,ZS,"Zscaler, Inc.",7371,software_it,5005968000.0,3665206000.0,3048866000.0,-1167855000.0,1607346000.0,-121477000.0,0.3806574348701729,distress,False
1717115,TEM,"Tempus AI, Inc.",7370,software_it,926116000.0,667603000.0,291070000.0,-2150834000.0,56339000.0,-691082000.0,-9.850543212838282,distress,False
1720116,RDVT,"Red Violet, Inc.",7372,software_it,98531000.0,46192000.0,10307000.0,-870000.0,86632000.0,7920000.0,10.54516914470291,safe,False
1720420,IBEX,IBEX Ltd,7374,software_it,272498000.0,159016000.0,110642000.0,5676000.0,108937000.0,39429000.0,2.904121616759014,safe,True
1728688,IIIV,"i3 Verticals, Inc.",7372,software_it,726229000.0,153105000.0,163431000.0,102453000.0,511134000.0,4355000.0,2.902062560022561,safe,True
1734722,PATH,"UiPath, Inc.",7372,software_it,2865270000.0,2338559000.0,798920000.0,-1987875000.0,1845762000.0,-162569000.0,2.782940758168987,safe,False
1738758,CHR,"Cheer Holding, Inc.",7374,software_it,346591000.0,305568000.0,39901000.0,207128000.0,305070000.0,25592000.0,15.18749378592976,safe,True
1743725,GDYN,"GRID DYNAMICS HOLDINGS, INC.",7372,software_it,592192000.0,423304000.0,55544000.0,-11845000.0,517829000.0,-2105000.0,11.296470656914249,safe,False
1746618,RVLV,"Revolve Group, Inc.",5961,retail,665547000.0,561088000.0,196097000.0,305070000.0,437785000.0,51417000.0,7.629232664580272,safe,False
1751008,APP,AppLovin Corp,7370,software_it,5869259000.0,2312190000.0,1057472000.0,599204000.0,1089818000.0,1910956000.0,4.162572484337765,safe,True
1753673,SJ,Scienjoy Holding Corp,7374,software_it,192509000.0,74616000.0,22024000.0,90762000.0,162388000.0,5581000.0,9.184697636978868,safe,False
1758009,QUBT,Quantum Computing Inc.,7372,software_it,153559000.0,79151000.0,4559000.0,-200482000.0,107287000.0,-25937000.0,0.22989296376166202,distress,True
1758766,STEM,"STEM, INC.",7373,software_it,437359000.0,136617000.0,128800000.0,-1626508000.0,-397833000.0,-839456000.0,-25.404822466719803,distress,False
1764046,CLVT,CLARIVATE PLC,7374,software_it,11490200000.0,1244600000.0,1433500000.0,-7313500000.0,5139000000.0,-275600000.0,-1.4944218103920264,distress,False
1766502,CHWY,"Chewy, Inc.",5961,retail,3014500000.0,1662400000.0,2206700000.0,-1582900000.0,261500000.0,112600000.0,-2.5455411729251223,distress,True
1768267,CRNC,Cerence Inc.,7372,software_it,617528000.0,200072000.0,151984000.0,-946028000.0,120702000.0,-579936000.0,-10.539176394089068,distress,False
1769628,CRWV,"CoreWeave, Inc.",7372,software_it,17833000000.0,1916000000.0,4963000000.0,-1476000000.0,-414000000.0,324000000.0,-1.2924150305051416,distress,False
1771515,GO,Grocery Outlet Holding Corp.,5411,retail,3173821000.0,503898000.0,349624000.0,381429000.0,1197384000.0,78327000.0,1.5126208439707964,grey,True
1772177,KRUS,"KURA SUSHI USA, INC.",5812,retail,403769000.0,118258000.0,34128000.0,-33949000.0,227577000.0,-11505000.0,2.2574955959436487,grey,False
1772921,ONEW,OneWater Marine Inc.,5531,retail,1611546000.0,797474000.0,644884000.0,147654000.0,383618000.0,64818000.0,1.5181428496706584,grey,True
1773383,DT,"Dynatrace, Inc.",7372,software_it,3735105000.0,1575226000.0,1048569000.0,245623000.0,2553284000.0,179433000.0,3.730667837424869,safe,False
1774675,SKIL,Skillsoft Corp.,7372,software_it,1106069000.0,332853000.0,376982000.0,-1443386000.0,93846000.0,-69621000.0,-4.841563827464187,distress,True
1777921,AVPT,"AvePoint, Inc.",7372,software_it,519055000.0,394795000.0,222955000.0,-510448000.0,270948000.0,7166000.0,0.2052714946233426,distress,True
1779474,MAPS,"WM TECHNOLOGY, INC.",7372,software_it,181866000.0,69512000.0,30433000.0,-56879000.0,120067000.0,14765000.0,2.9756044984583685,safe,True
1780201,LVLU,"Lulu's Fashion Lounge Holdings, Inc.",5961,retail,108198000.0,51501000.0,74325000.0,-248491000.0,13368000.0,-52387000.0,-11.976484372075683,distress,True
1784970,NXTT,Next Technology Holding Inc.,7374,software_it,92916317.0,92916317.0,3053752.0,9909272.0,81628062.0,-16804.0,14.283656581351803,safe,True
1786352,BILL,"BILL Holdings, Inc.",7372,software_it,9674206000.0,6839933000.0,4122209000.0,-1457551000.0,3809394000.0,-174164000.0,1.9127338951164283,grey,True
1788999,XPER,Xperi Inc.,7372,software_it,667760000.0,304872000.0,185349000.0,-839444000.0,429077000.0,-87075000.0,-1.912688501289378,distress,False
1789940,FWRG,"First Watch Restaurant Group, Inc.",5812,retail,1514356000.0,55876000.0,138472000.0,-53822000.0,595389000.0,38907000.0,0.37927512280582687,distress,True
1792781,CURV,Torrid Holdings Inc.,5600,retail,488441000.0,226166000.0,263132000.0,-331269000.0,-191089000.0,57208000.0,-2.2156557846211813,distress,False
1794515,GTM,ZoomInfo Technologies Inc.,7372,software_it,6467600000.0,451000000.0,652100000.0,312400000.0,1693500000.0,97400000.0,0.427156421967939,distress,True
1800227,PPLI,People Inc,7370,software_it,9688644000.0,2485036000.0,886192000.0,-538974000.0,6278973000.0,-28678000.0,2.814899130906435,safe,True
1800392,MLGO,MicroAlgo Inc.,7371,software_it,176274857.0,175917834.0,28785492.0,-4670079.0,147392466.0,2801282.0,10.854250707456465,safe,True
1800667,FROG,JFrog Ltd,7372,software_it,1129906000.0,649227000.0,317515000.0,-359668000.0,773526000.0,-91098000.0,2.6253769675093404,safe,False
1801661,FIRY,Firy Inc.,7374,software_it,374268000.0,303155000.0,65907000.0,-1021258000.0,173036000.0,-46503000.0,-4.6692110671324585,distress,True
1802255,GRDN,"Guardian Pharmacy Services, Inc.",5912,retail,320810000.0,151985000.0,144121000.0,17124000.0,149976000.0,-62920000.0,-0.06136849442158443,distress,False
1802450,MSPR,"MSP Recovery, Inc.",7374,software_it,1919083000.0,15474000.0,1265314000.0,-446050000.0,-128409000.0,-1274289000.0,-9.558038430612465,distress,False
1803914,PLBY,"Playboy, Inc.",5900,retail,284704000.0,57504000.0,55844000.0,-693637000.0,-7731000.0,-50838000.0,-9.131945210535042,distress,True
1805651,MKTW,"MARKETWISE, INC.",7372,software_it,259515000.0,168833000.0,260208000.0,-119284000.0,-217924000.0,88988000.0,-1.9831730444418851,distress,False
1805833,SST,"System1, Inc.",7370,software_it,459129000.0,134477000.0,105095000.0,-782335000.0,84996000.0,-88601000.0,-6.193344633469994,distress,False
1806837,VERX,"Vertex, Inc.",7372,software_it,1166791000.0,536333000.0,537376000.0,-53315000.0,179352000.0,-2228000.0,0.023057777922709466,distress,True
1809519,GDRX,"GoodRx Holdings, Inc.",7374,software_it,1388067000.0,659255000.0,123903000.0,-1441013000.0,724658000.0,65846000.0,0.6114421290546304,distress,False
1810019,RXT,"Rackspace Technology, Inc.",7370,software_it,3054100000.0,618800000.0,766600000.0,-3682400000.0,-1004200000.0,-909100000.0,-6.5082502497449655,distress,False
1810806,U,Unity Software Inc.,7372,software_it,6737407000.0,2225351000.0,889487000.0,-3735944000.0,3196521000.0,-755149000.0,-0.31232114165006264,distress,False
1811935,PTRN,Pattern Group Inc.,5961,retail,664422000.0,558082000.0,257699000.0,106855000.0,108724000.0,87182000.0,4.577239780675832,safe,False
1817358,ASO,"Academy Sports & Outdoors, Inc.",5940,retail,4900963000.0,1710149000.0,960881000.0,1756258000.0,2004035000.0,538639000.0,3.636052250098006,safe,False
1818201,CCC,CCC Intelligent Solutions Holdings Inc.,7372,software_it,3183218000.0,564650000.0,154846000.0,-1095227000.0,1997823000.0,80105000.0,1.661622781196451,grey,True
1819574,BARK,"Bark, Inc.",5990,retail,292192000.0,229405000.0,140534000.0,-373668000.0,113038000.0,-35148000.0,-2.3196414288964435,distress,True
1819928,DV,"DoubleVerify Holdings, Inc.",7370,software_it,1276210000.0,559051000.0,103482000.0,255214000.0,1083459000.0,82420000.0,9.329723982543669,safe,False
1820144,GRND,Grindr Inc.,7370,software_it,479090000.0,116984000.0,67809000.0,-191812000.0,-131570000.0,92598000.0,0.44074345437532886,distress,False
1821806,LESL,"Leslie's, Inc.",5990,retail,966993000.0,341622000.0,193979000.0,-328769000.0,-220038000.0,57117000.0,0.09551772283222404,distress,True
1823794,ARKO,ARKO Corp.,5412,retail,3620658000.0,722208000.0,445490000.0,97177000.0,276866000.0,94026000.0,0.8503155647364252,distress,False
1823878,MYPS,"PLAYSTUDIOS, Inc.",7372,software_it,322955000.0,147102000.0,49418000.0,-31324000.0,244715000.0,-32864000.0,4.268311847938083,safe,True
1824920,IONQ,"IonQ, Inc.",7373,software_it,508388000.0,378802000.0,36085000.0,-683720000.0,383862000.0,-232455000.0,0.20202186343193862,distress,False
1826470,WOOF,"Petco Health & Wellness Company, Inc.",5990,retail,5194430000.0,973619000.0,1139163000.0,-1149059000.0,1113630000.0,7051000.0,-0.6345465188939228,distress,False
1826681,PDYN,Palladyne AI Corp.,7372,software_it,56253000.0,42730000.0,4433000.0,-490831000.0,-9533000.0,-26923000.0,-27.347207422068887,distress,False
1826889,BODI,"Beachbody Company, Inc.",5960,retail,174556000.0,78685000.0,127638000.0,-643518000.0,28170000.0,-66208000.0,-16.204814723653616,distress,False
1827090,CERT,"Certara, Inc.",7372,software_it,1575104000.0,310852000.0,146088000.0,-128281000.0,1058656000.0,-1731000.0,2.565694069671892,grey,True
1828016,PLTK,Playtika Holding Corp.,7374,software_it,3639200000.0,872800000.0,558900000.0,-894200000.0,-131100000.0,391600000.0,0.4514111639474536,distress,True
1828108,AUR,"Aurora Innovation, Inc.",7373,software_it,2138000000.0,1254000000.0,105000000.0,-4358000000.0,1875000000.0,-786000000.0,1.8956759631082685,grey,True
1828791,DSP,Viant Technology Inc.,7370,software_it,440804000.0,362489000.0,145451000.0,-50566000.0,274075000.0,3478000.0,4.635021167419271,safe,False
1829864,TASK,"TaskUs, Inc.",7374,software_it,953298000.0,435352000.0,152025000.0,-44114000.0,496919000.0,92424000.0,3.5936096298736024,safe,True
1830043,BMBL,Bumble Inc.,7370,software_it,2524887000.0,342242000.0,138570000.0,-701092000.0,1349054000.0,-700474000.0,-1.035676838906411,distress,False
1830081,RUM,RUM Group Inc.,7370,software_it,195312807.0,136127630.0,216736997.0,-483565942.0,-63115402.0,-130853571.0,-15.537354457837445,distress,False
1831096,GEG,"Great Elm Group, Inc.",7372,software_it,138487000.0,124423000.0,4101000.0,-3249139000.0,70058000.0,-7838000.0,-70.09090536690495,distress,True
1831840,SEMR,"SEMrush Holdings, Inc.",7372,software_it,390943000.0,276184000.0,114088000.0,-63762000.0,266352000.0,8308000.0,4.5757712099281225,safe,False
1834488,NABL,"N-able, Inc.",7372,software_it,1339063000.0,183742000.0,150046000.0,71556000.0,759556000.0,81883000.0,2.126433310251464,grey,False
1834584,CPNG,"Coupang, Inc.",5961,retail,15344000000.0,8994000000.0,7716000000.0,-4229000000.0,4102000000.0,436000000.0,0.22195919856066337,distress,False
1835830,KVYO,"Klaviyo, Inc.",7372,software_it,1273308000.0,979749000.0,199893000.0,-845185000.0,1033987000.0,-84078000.0,5.946672082130892,safe,True
1836981,BBAI,"BigBear.ai Holdings, Inc.",7372,software_it,343776000.0,93757000.0,202966000.0,-571641000.0,-3714000.0,-133420000.0,-10.124037511940157,distress,False
1837014,SMRT,"SmartRent, Inc.",7373,software_it,420176000.0,257650000.0,71032000.0,-347847000.0,289435000.0,-41772000.0,1.8711727178011262,grey,True
1838359,RGTI,"Rigetti Computing, Inc.",7371,software_it,284787000.0,206758000.0,11867000.0,-554747000.0,126589000.0,-68510000.0,-2.6374045858313138,distress,False
1840502,TBLA,Taboola.com Ltd.,7370,software_it,1718658000.0,656001000.0,485582000.0,-154220000.0,1051906000.0,25917000.0,2.115824820068727,grey,False
1840856,SOUN,"SOUNDHOUND AI, INC.",7372,software_it,553953000.0,255520000.0,67742000.0,-943060000.0,182653000.0,-341353000.0,-6.950614275505485,distress,True
1841209,HOLO,MicroCloud Hologram Inc.,7370,software_it,224653220.0,224117154.0,4294637.0,-29492210.0,220214292.0,-19399536.0,57.50095889682163,safe,False
1841761,GROV,"Grove Collaborative Holdings, Inc.",5961,retail,65010000.0,44941000.0,27064000.0,-648513000.0,-8549000.0,-22547000.0,-33.16917874593732,distress,False
1846069,NXDR,"Nextdoor Holdings, Inc.",7370,software_it,513953000.0,466692000.0,27944000.0,-864083000.0,453488000.0,-121639000.0,6.403788979740058,safe,False
1849635,DJT,Trump Media & Technology Group Corp.,7370,software_it,938287500.0,784258100.0,17301500.0,-2945185700.0,913590100.0,-186038900.0,32.63785693888432,safe,True
1851003,ZETA,Zeta Global Holdings Corp.,7372,software_it,1111373000.0,616540000.0,199337000.0,-1028308000.0,676801000.0,-67915000.0,0.6708547699648131,distress,False
1853145,EVCM,EverCommerce Inc.,7372,software_it,1421268000.0,218314000.0,110726000.0,-661064000.0,750826000.0,26202000.0,0.2800622911547981,distress,False
1855747,BLND,"Blend Labs, Inc.",7370,software_it,178085000.0,135243000.0,39022000.0,-1384975000.0,-56356000.0,-48845000.0,-23.904295540180886,distress,False
1856314,YOU,"Clear Secure, Inc.",7372,software_it,1194932000.0,662218000.0,643054000.0,83778000.0,237940000.0,123191000.0,1.2876301054279264,grey,True
1856437,VSXY,Victoria's Secret & Co.,5621,retail,4532000000.0,1441000000.0,1375000000.0,343000000.0,664000000.0,310000000.0,0.9821766986640332,distress,False
1857154,DNUT,"Krispy Kreme, Inc.",5400,retail,3072030000.0,172940000.0,486172000.0,-299638000.0,1137135000.0,-8735000.0,-0.38887055826718775,distress,False
1857816,GCT,GigaCloud Technology Inc,5961,retail,1070475000.0,547592000.0,264379000.0,298861000.0,405217000.0,130622000.0,4.105267035882552,safe,False
1861795,DH,Definitive Healthcare Corp.,7372,software_it,1089389000.0,370172000.0,161161000.0,-640574000.0,607194000.0,-710820000.0,-3.720883519338657,distress,False
1865107,AKA,A.K.A. BRANDS HOLDING CORP.,5961,retail,385204000.0,144769000.0,97038000.0,-293403000.0,117634000.0,-10321000.0,-1.3886605975774933,distress,True
1866368,CWAN,"Clearwater Analytics Holdings, Inc.",7372,software_it,1169572000.0,384646000.0,77052000.0,283946000.0,1030231000.0,12234000.0,10.350284166413992,safe,True
1866581,BROS,Dutch Bros Inc.,5810,retail,2501085000.0,357941000.0,203071000.0,19666000.0,763865000.0,106093000.0,1.1785808585952617,grey,True
1866633,CCSI,"Consensus Cloud Solutions, Inc.",7372,software_it,602201000.0,74525000.0,79311000.0,-83678000.0,-79463000.0,149400000.0,1.0396391516037762,distress,False
1871509,PTLO,Portillo's Inc.,5812,retail,1500086000.0,52651000.0,135569000.0,43129000.0,490103000.0,58033000.0,0.5006155865192549,distress,False
1873951,XZO,"Exzeo Group, Inc.",7372,software_it,89441000.0,67230000.0,56376000.0,-57331000.0,15507000.0,38017000.0,1.7830172776769282,grey,True
1875444,ARHS,"Arhaus, Inc.",5712,retail,1206316000.0,531043000.0,402451000.0,142898000.0,343745000.0,87005000.0,1.9885773935014615,grey,False
1883313,SVV,"Savers Value Village, Inc.",5900,retail,1885495000.0,230224000.0,231100000.0,-250451000.0,421680000.0,130189000.0,0.3303980792470108,distress,False
1886894,SNAL,"Snail, Inc.",7372,software_it,62193364.0,31246538.0,36181080.0,-12117385.0,4169162.0,3889090.0,-0.6599807727011301,distress,True
1891856,GENK,"GEN Restaurant Group, Inc.",5812,retail,240415000.0,33893000.0,41069000.0,915000.0,44118000.0,476000.0,0.06589570261929037,distress,False
1892292,MSS,Maison Solutions Inc.,5411,retail,82742879.0,15306094.0,26807834.0,-1360832.0,12016016.0,-1265006.0,-0.889843805644297,distress,False
1902733,NCNO,"nCino, Inc.",7372,software_it,1610381000.0,302249000.0,251512000.0,-385335000.0,1089312000.0,-18131000.0,1.5460222454524022,grey,False
1907982,QBTS,D-Wave Quantum Inc.,7374,software_it,199853000.0,185040000.0,30145000.0,-626940000.0,62646000.0,-77223000.0,-7.259537712174982,distress,False
1910139,MBLY,Mobileye Global Inc.,7372,software_it,12579000000.0,2174000000.0,333000000.0,-3060000000.0,12087000000.0,-3225000000.0,24.239608401730333,safe,True
1943289,SVCO,"Silvaco Group, Inc.",7372,software_it,142345000.0,107280000.0,34488000.0,-28012000.0,100083000.0,-40279000.0,3.2981236624722188,safe,True
1943896,RBRK,"Rubrik, Inc.",7372,software_it,1422974000.0,1077641000.0,950176000.0,-2837333000.0,-553734000.0,-1134032000.0,-11.562247726109838,distress,False
1990354,WAY,Waystar Holding Corp.,7373,software_it,4577004000.0,371041000.0,145633000.0,-220900000.0,3079786000.0,123725000.0,2.5072392531676737,grey,True
2011954,TWNPQ,Twin Hospitality Group Inc.,5812,retail,542446000.0,28805000.0,55230000.0,-84609000.0,-84609000.0,-8330000.0,-1.0729237870425903,distress,True
2030781,SAIL,"SailPoint, Inc.",7372,software_it,7411916000.0,512382000.0,574693000.0,-5588440000.0,-5588440000.0,-188734000.0,-3.1356024000538625,distress,True
2054696,NIQ,NIQ Global Intelligence plc,7370,software_it,6372800000.0,1194200000.0,1365600000.0,-1848700000.0,298600000.0,-99800000.0,-1.1757562235129175,distress,False
2063196,NTSK,Netskope Inc,7372,software_it,858506000.0,528405000.0,526708000.0,-1949512000.0,-485589000.0,-255741000.0,-9.771069318637547,distress,False
2069785,GLOO,"Gloo Holdings, Inc.",7374,software_it,120824000.0,18315000.0,20609000.0,-368312000.0,-337995000.0,-83268000.0,-15.466824671273933,distress,False
